Sample,MSB,LSB,Temperature_C
1,0x0F,0x68,30.8125
2,0x0F,0x68,30.8125
3,0x0F,0x70,30.8750
4,0x0F,0x70,30.8750
5,0x0F,0x70,30.8750
6,0x0F,0x70,30.8750
7,0x0F,0x70,30.8750
8,0x0F,0x70,30.8750
9,0x0F,0x70,30.8750
10,0x0F,0x70,30.8750
11,0x0F,0x70,30.8750
12,0x0F,0x78,30.9375
13,0x0F,0x78,30.9375
14,0x0F,0x78,30.9375
15,0x0F,0x78,30.9375
16,0x0F,0x78,30.9375
17,0x0F,0x78,30.9375
18,0x0F,0x78,30.9375
19,0x0F,0x78,30.9375
20,0x0F,0x78,30.9375
21,0x0F,0x78,30.9375
22,0x0F,0x80,31.0000
23,0x0F,0x80,31.0000
24,0x0F,0x80,31.0000
25,0x0F,0x80,31.0000
26,0x0F,0x80,31.0000
27,0x0F,0x80,31.0000
28,0x0F,0x80,31.0000
29,0x0F,0x80,31.0000
30,0x0F,0x80,31.0000
31,0x0F,0x88,31.0625
32,0x0F,0x88,31.0625
33,0x0F,0x88,31.0625
34,0x0F,0x88,31.0625
35,0x0F,0x88,31.0625
36,0x0F,0x88,31.0625
37,0x0F,0x88,31.0625
38,0x0F,0x88,31.0625
39,0x0F,0x88,31.0625
40,0x0F,0x88,31.0625
41,0x0F,0x88,31.0625
42,0x0F,0x88,31.0625
43,0x0F,0x88,31.0625
44,0x0F,0x88,31.0625
45,0x0F,0x88,31.0625
46,0x0F,0x88,31.0625
47,0x0F,0x88,31.0625
48,0x0F,0x88,31.0625
49,0x0F,0x88,31.0625
50,0x0F,0x88,31.0625
51,0x0F,0x88,31.0625
52,0x0F,0x88,31.0625
53,0x0F,0x88,31.0625
54,0x0F,0x70,30.8750
55,0x0F,0x70,30.8750
56,0x0F,0x70,30.8750
57,0x0F,0x70,30.8750
58,0x0F,0x70,30.8750
59,0x0F,0x60,30.7500
60,0x0F,0x60,30.7500
61,0x0F,0x60,30.7500
62,0x0F,0x60,30.7500
63,0x0F,0x48,30.5625
64,0x0F,0x48,30.5625
65,0x0F,0x48,30.5625
66,0x0F,0x48,30.5625
67,0x0F,0x48,30.5625
68,0x0F,0x30,30.3750
69,0x0F,0x30,30.3750
70,0x0F,0x30,30.3750
71,0x0F,0x30,30.3750
72,0x0F,0x20,30.2500
73,0x0F,0x20,30.2500
74,0x0F,0x20,30.2500
75,0x0F,0x20,30.2500
76,0x0F,0x20,30.2500
77,0x0F,0x18,30.1875
78,0x0F,0x18,30.1875
79,0x0F,0x18,30.1875
80,0x0F,0x18,30.1875
81,0x0F,0x18,30.1875
82,0x0F,0x10,30.1250
83,0x0F,0x10,30.1250
84,0x0F,0x10,30.1250
85,0x0F,0x10,30.1250
86,0x0F,0x00,30.0000
87,0x0F,0x00,30.0000
88,0x0F,0x00,30.0000
89,0x0F,0x00,30.0000
90,0x0F,0x00,30.0000
91,0x0F,0x00,30.0000
92,0x0F,0x00,30.0000
93,0x0F,0x00,30.0000
94,0x0F,0x00,30.0000
95,0x0E,0xF0,29.8750
96,0x0E,0xF0,29.8750
97,0x0E,0xF0,29.8750
98,0x0E,0xF0,29.8750
99,0x0E,0xF0,29.8750
100,0x0E,0xF0,29.8750
